{"cameraMode":{"drawMode":0,"name":"Shaded","section":"Shading Mode"},"sceneLighting":false,"audioPlay":false,"sceneViewState":{"m_AlwaysRefresh":false,"showFog":true,"showSkybox":false,"showFlares":true,"showImageEffects":true,"showParticleSystems":true,"showVisualEffectGraphs":true,"m_FxEnabled":true},"in2DMode":false,"pivot":{"x":-1.5532480478286744,"y":2.7031631469726564,"z":-1.3275864124298096},"rotation":{"x":0.14116019010543824,"y":0.7385300397872925,"z":-0.16323333978652955,"w":0.6387879848480225},"size":1.2247447967529297,"orthographic":false}