{"cameraMode":{"drawMode":0,"name":"Shaded","section":"Shading Mode"},"sceneLighting":true,"audioPlay":false,"sceneViewState":{"m_AlwaysRefresh":false,"showFog":true,"showSkybox":false,"showFlares":true,"showImageEffects":true,"showParticleSystems":true,"showVisualEffectGraphs":true,"m_FxEnabled":true},"in2DMode":false,"pivot":{"x":-3.7092297077178957,"y":15.78335952758789,"z":42.188331604003909},"rotation":{"x":0.24052362143993379,"y":0.08692159503698349,"z":-0.021651312708854677,"w":0.966502845287323},"size":5.432509422302246,"orthographic":false}