{"cameraMode":{"drawMode":0,"name":"Shaded","section":"Shading Mode"},"sceneLighting":true,"audioPlay":false,"sceneViewState":{"m_AlwaysRefresh":false,"showFog":true,"showSkybox":false,"showFlares":true,"showImageEffects":true,"showParticleSystems":true,"showVisualEffectGraphs":true,"m_FxEnabled":true},"in2DMode":false,"pivot":{"x":0.5597519278526306,"y":10.417433738708496,"z":2.3047730922698976},"rotation":{"x":-0.12142381072044373,"y":-0.03811313211917877,"z":0.004642913583666086,"w":-0.991871178150177},"size":14.420405387878418,"orthographic":false}