{"cameraMode":{"drawMode":0,"name":"Shaded","section":"Shading Mode"},"sceneLighting":false,"audioPlay":false,"sceneViewState":{"m_AlwaysRefresh":false,"showFog":true,"showSkybox":false,"showFlares":true,"showImageEffects":true,"showParticleSystems":true,"showVisualEffectGraphs":true,"m_FxEnabled":true},"in2DMode":false,"pivot":{"x":-0.18705445528030396,"y":0.5499999523162842,"z":0.25999999046325686},"rotation":{"x":0.24787919223308564,"y":0.5956428647041321,"z":-0.20023977756500245,"w":0.7373385429382324},"size":0.8660253882408142,"orthographic":false}